{
  "${ModID}:ExampleTwoAmountPower": {
    "NAME": "Example 2",
    "DESCRIPTIONS": [
      "At the start of your turn, gain #b",
      " #yStrength and #b",
      " #yDexterity."
    ]
  },
  "${ModID}:StrFixation": {
    "NAME": "Strength Fixation",
    "DESCRIPTIONS": [
      "You're focused on offense, all future dexterity becomes strength for #b",
      " turns"
    ]
  },
  "${ModID}:DexFixation": {
"NAME": "Dexterity Fixation",
"DESCRIPTIONS": [
"You're focused on defense, all future strength becomes dexterity for #b",
  " turns"
    ]
  }
}
